ds,year,month,total_hm3,RioCofio_LaAcena,RioGuadalix_Pedrezuela,RioGuadarrama-Aulencia_LaJorosa,RioGuadarrama-Aulencia_Navalmedio,RioGuadarrama-Aulencia_Valmayor,RioJarama_ElVado,RioLozoya_ElAtazar,RioLozoya_ElVillar,RioLozoya_LaPinilla,RioLozoya_PuentesViejas,RioLozoya_Riosequillo,RioManzanares_Navacerrada,RioManzanares_Santillana
1998-01-01,1998,enero,788.352,23.891,38.413,6.572,0.182,118.99,45.882,326.784,22.741,30.331,41.769,45.782,10.062,76.953
1998-02-01,1998,febrero,790.6500000000001,23.816,38.104,6.462,0.617,119.578,46.043,327.59,21.55,30.254,41.442,46.64,10.114,78.44
1998-03-01,1998,marzo,785.8990000000001,23.245,33.449,6.848,0.5,119.063,39.928,336.267,21.67,30.02,40.911,45.965,9.966,78.067
1998-04-01,1998,abril,810.6140000000001,23.35,27.848,6.747,0.639,119.578,42.443,353.267,21.644,31.674,44.173,46.209,10.326,82.716
1998-05-01,1998,mayo,864.0329999999999,23.678,23.009,7.041,0.625,120.833,49.165,391.448,21.925,35.518,50.395,43.954,10.989,85.453
1998-06-01,1998,junio,836.7870000000001,21.947,21.13,6.718,0.559,109.389,41.751,412.483,19.654,29.596,43.927,41.359,9.647,78.627
1998-07-01,1998,julio,778.8879999999999,18.924,14.083,6.072,0.643,95.295,24.442,405.935,12.448,28.418,43.706,43.338,7.982,77.602
1998-08-01,1998,agosto,726.159,15.802,13.737,5.53,0.584,86.685,13.855,388.735,11.913,26.073,43.051,37.611,6.183,76.4
1998-09-01,1998,septiembre,680.028,13.085,12.905,5.881,0.336,81.99,8.98,366.046,10.276,22.086,42.358,34.818,5.051,76.216
1998-10-01,1998,octubre,641.6379999999999,11.208,10.461,6.006,0.191,78.129,13.34,336.358,13.147,21.86,34.594,35.689,4.348,76.307
1998-11-01,1998,noviembre,605.889,9.802,9.17,5.957,0.257,74.97,12.72,306.506,11.903,22.839,32.867,38.217,3.635,77.046
1998-12-01,1998,diciembre,580.448,8.315,7.679,6.095,0.37,71.615,16.277,277.656,14.065,23.005,32.255,40.743,3.277,79.096
1999-01-01,1999,enero,565.452,9.5,6.745,5.794,0.546,67.243,21.14,254.298,14.308,25.399,34.359,43.806,3.593,78.721
1999-02-01,1999,febrero,550.539,11.823,7.182,5.192,0.576,64.38,19.967,232.187,13.669,29.289,37.832,45.116,3.854,79.472
1999-03-01,1999,marzo,564.2479999999999,12.75,6.22,5.93,0.203,59.91,22.558,235.053,19.629,30.02,41.049,45.904,5.266,79.756
1999-04-01,1999,abril,572.3530000000001,11.733,4.874,6.624,0.543,59.351,24.412,244.001,19.654,30.331,41.049,45.995,5.439,78.347
1999-05-01,1999,mayo,607.9030000000001,12.366,5.96,5.848,0.333,69.764,28.557,262.633,19.566,30.098,41.141,46.179,7.104,78.354
1999-06-01,1999,junio,588.182,9.996,5.735,6.178,0.494,77.447,19.771,257.007,19.202,28.455,40.819,43.836,6.922,72.32
1999-07-01,1999,julio,545.032,5.747,5.614,6.274,0.516,77.238,14.06,236.235,17.371,26.216,40.386,45.206,6.215,63.954
1999-08-01,1999,agosto,499.929,3.866,5.43,5.457,0.471,73.102,9.749,216.535,15.576,25.611,39.889,44.577,4.497,55.169
1999-09-01,1999,septiembre,470.9329999999999,3.627,5.395,4.535,0.47,76.201,7.881,196.024,15.212,25.505,39.443,44.547,3.268,48.825
1999-10-01,1999,octubre,479.344,3.807,8.807,4.292,0.365,82.758,17.827,187.777,14.653,26.395,40.454,39.696,3.164,49.349
1999-11-01,1999,noviembre,477.122,4.668,9.739,3.885,0.241,86.399,23.233,180.915,15.103,23.708,40.454,40.079,3.071,45.627
1999-12-01,1999,diciembre,502.32000000000005,6.1,9.311,3.893,0.409,89.521,37.434,188.088,17.786,23.005,39.244,39.914,3.51,44.105
2000-01-01,2000,enero,516.1220000000001,7.496,11.061,3.669,0.497,91.593,33.373,197.154,18.633,25.223,41.257,40.052,3.432,42.682
2000-02-01,2000,febrero,524.7869999999999,7.807,13.737,4.006,0.368,92.733,27.601,203.813,18.462,27.895,43.172,41.5,3.446,40.247
2000-03-01,2000,marzo,514.422,7.392,14.083,3.582,0.239,91.652,15.738,209.496,18.206,28.568,43.1,43.017,3.51,35.839
2000-04-01,2000,abril,678.932,12.366,26.293,5.364,0.347,101.887,49.045,276.197,22.618,32.968,47.995,44.19,7.712,51.95
2000-05-01,2000,mayo,739.978,16.081,30.875,6.274,0.353,100.592,48.306,330.917,18.768,32.438,46.162,41.528,9.673,58.011
2000-06-01,2000,junio,697.4530000000001,16.345,22.549,4.665,0.442,86.971,36.247,336.905,18.122,31.554,42.931,42.411,8.595,49.716
2000-07-01,2000,julio,635.2600000000001,13.829,16.02,4.494,0.485,75.378,36.917,314.487,17.288,29.06,38.804,42.096,6.86,39.542
2000-08-01,2000,agosto,577.608,11.786,15.644,3.889,0.483,65.339,36.956,286.672,12.399,25.859,39.532,41.5,4.937,32.612
2000-09-01,2000,septiembre,523.1479999999999,10.891,15.399,3.145,0.465,56.242,37.036,258.407,12.399,22.872,36.945,39.75,3.156,26.441
2000-10-01,2000,octubre,479.35299999999995,6.508,15.278,6.296,0.418,51.139,27.261,241.596,16.707,20.781,35.228,36.346,2.063,19.732
2000-11-01,2000,noviembre,509.261,6.637,15.118,5.794,0.612,57.154,30.117,243.023,17.359,27.821,39.133,40.632,3.067,22.794
2000-12-01,2000,diciembre,662.922,12.814,33.339,5.778,0.227,85.888,41.528,291.578,22.672,30.527,41.003,41.331,6.668,49.569
2001-01-01,2001,enero,780.5200000000001,23.625,35.033,6.078,0.186,114.292,48.188,329.746,20.486,30.176,41.234,41.897,9.161,80.418
2001-02-01,2001,febrero,783.198,23.763,35.033,5.65,0.352,113.086,44.14,338.824,19.667,30.37,42.382,40.994,8.803,80.134
2001-03-01,2001,marzo,824.4670000000001,23.795,36.841,6.089,0.304,112.662,47.388,361.541,18.793,32.601,45.094,45.934,9.153,84.272
2001-04-01,2001,abril,834.6200000000001,23.742,34.81,5.37,0.359,104.253,47.857,385.338,19.73,32.682,45.145,43.895,9.013,82.426
2001-05-01,2001,mayo,819.09,23.721,29.629,4.97,0.488,94.313,37.695,408.006,17.324,32.968,40.159,40.743,8.181,80.893
2001-06-01,2001,junio,761.994,23.488,18.248,2.961,0.358,82.154,24.054,417.312,13.238,32.276,27.943,39.532,6.131,74.299
2001-07-01,2001,julio,697.927,17.716,11.871,5.736,0.304,70.247,9.274,410.084,11.836,29.865,26.665,34.134,3.908,66.287
2001-08-01,2001,agosto,637.5649999999999,15.242,11.662,5.187,0.225,59.608,8.662,380.378,12.311,26.684,27.116,28.661,2.45,59.379
2001-09-01,2001,septiembre,583.5369999999999,14.979,11.53,3.562,0.215,50.105,8.262,349.924,14.255,23.81,26.68,25.069,1.906,53.24
2001-10-01,2001,octubre,555.229,15.005,12.132,3.024,0.346,46.8,9.933,321.175,18.182,18.985,28.382,26.598,2.112,52.555
2001-11-01,2001,noviembre,523.5950000000001,14.988,11.574,2.398,0.335,49.386,10.649,293.672,18.364,18.139,28.235,26.896,2.276,46.683
2001-12-01,2001,diciembre,494.01800000000003,15.014,11.006,1.502,0.276,48.899,9.498,277.737,18.608,17.569,27.543,25.545,2.417,38.404
2002-01-01,2002,enero,486.641,14.71,10.749,2.985,0.267,50.831,10.373,265.631,17.324,19.553,28.927,26.4,2.992,35.899
2002-02-01,2002,febrero,476.8620000000001,12.997,6.82,4.783,0.344,53.928,10.127,254.529,17.858,20.906,29.685,26.44,3.374,35.071
2002-03-01,2002,marzo,501.06800000000004,14.953,10.271,4.618,0.415,60.689,15.33,247.406,18.953,25.223,28.86,28.914,4.475,40.961
2002-04-01,2002,abril,520.41,16.345,13.228,3.918,0.312,67.055,15.961,239.428,17.989,30.566,33.548,30.606,5.757,45.697
2002-05-01,2002,mayo,518.535,17.51,14.999,2.374,0.374,69.571,12.923,226.948,17.453,31.994,35.671,36.321,6.209,46.188
2002-06-01,2002,junio,489.342,12.973,13.383,4.143,0.455,71.615,12.511,218.298,19.603,31.794,28.089,29.448,5.807,41.223
2002-07-01,2002,julio,441.83099999999996,7.706,10.816,5.258,0.447,72.803,9.305,203.135,18.953,29.289,21.409,23.993,4.977,33.74
2002-08-01,2002,agosto,389.347,4.094,10.696,2.522,0.345,63.341,8.972,180.346,18.817,26.359,20.995,22.086,4.333,26.441
2002-09-01,2002,septiembre,350.62600000000003,6.758,10.723,1.306,0.374,51.719,9.71,171.08,13.494,22.086,19.464,18.06,4.122,21.73
2002-10-01,2002,octubre,344.56800000000004,5.508,10.385,1.991,0.416,51.953,14.039,172.306,12.155,19.015,17.281,14.389,4.459,20.671
2002-11-01,2002,noviembre,377.89899999999994,7.12,11.061,2.135,0.312,53.131,21.154,182.629,12.646,19.795,18.911,16.87,5.788,26.347
2002-12-01,2002,diciembre,548.499,13.352,24.249,4.83,0.406,79.666,45.312,231.821,13.804,23.776,24.139,22.621,9.12,55.403
2003-01-01,2003,enero,661.5949999999999,17.131,29.732,5.995,0.45,91.175,47.201,287.666,18.474,25.646,29.413,30.851,9.071,68.79
2003-02-01,2003,febrero,740.0309999999998,20.927,34.182,5.848,0.519,99.183,48.117,325.979,20.46,30.215,35.731,35.613,8.867,74.39
2003-03-01,2003,marzo,845.682,23.912,37.375,6.078,0.528,112.451,47.952,366.046,22.168,36.553,51.78,48.45,9.673,82.716
2003-04-01,2003,abril,857.824,23.816,35.744,6.111,0.513,116.154,47.693,391.045,21.311,33.709,45.906,44.966,9.103,81.753
2003-05-01,2003,mayo,853.693,22.771,29.017,5.339,0.35,110.356,42.617,406.556,21.034,33.792,45.626,44.547,8.39,83.298
2003-06-01,2003,junio,790.787,19.786,16.82,5.288,0.283,96.473,26.083,401.304,21.258,32.723,42.263,39.668,6.412,82.426
2003-07-01,2003,julio,724.221,14.753,8.305,5.957,0.315,88.936,19.32,378.406,21.351,29.789,39.111,36.295,4.545,77.138
2003-08-01,2003,agosto,670.927,10.963,8.187,5.493,0.323,87.603,14.931,349.27,20.89,26.575,38.391,35.89,3.796,68.615
2003-09-01,2003,septiembre,622.241,9.135,8.352,4.66,0.333,86.627,11.043,326.426,16.764,22.248,37.133,34.159,3.281,62.08
2003-10-01,2003,octubre,614.926,9.976,13.453,4.735,0.377,85.491,13.324,315.187,13.586,22.543,36.282,32.987,3.825,63.16
2003-11-01,2003,noviembre,706.236,14.84,32.759,5.593,0.335,99.055,32.004,316.678,21.724,27.341,39.576,36.016,6.559,73.756
2003-12-01,2003,diciembre,768.892,22.687,34.071,5.519,0.512,118.185,44.882,323.749,20.357,33.255,42.62,38.536,8.579,75.94
2004-01-01,2004,enero,778.677,23.298,34.182,5.827,0.512,118.55,44.927,327.949,21.457,32.156,42.311,42.239,9.145,76.124
2004-02-01,2004,febrero,785.437,23.519,34.588,5.545,0.512,119.137,44.949,329.027,21.338,32.642,43.853,43.279,8.981,78.067
2004-03-01,2004,marzo,816.372,23.562,36.196,6.433,0.515,118.039,46.227,350.672,21.311,33.875,45.17,44.309,9.36,80.703
2004-04-01,2004,abril,840.351,23.371,36.234,6.184,0.499,119.43,44.096,374.777,18.547,33.833,45.626,44.966,9.394,83.394
2004-05-01,2004,mayo,885.303,23.71,37.489,6.45,0.515,121.726,46.25,407.384,18.928,34.628,48.155,46.087,9.905,84.076
2004-06-01,2004,junio,846.6099999999999,22.363,28.379,5.751,0.36,111.26,34.382,417.52,14.16,33.916,47.782,42.699,8.754,79.284
2004-07-01,2004,julio,776.247,18.641,19.277,5.545,0.393,99.183,15.462,406.763,13.556,31.554,45.397,41.812,6.702,71.962
2004-08-01,2004,agosto,715.412,15.11,18.928,5.789,0.408,86.685,7.653,383.845,12.875,28.568,43.244,40.854,5.337,66.116
2004-09-01,2004,septiembre,653.566,13.581,18.756,4.811,0.41,74.715,6.641,352.359,12.636,25.646,41.465,38.111,4.244,60.191
2004-10-01,2004,octubre,624.0340000000001,12.973,18.732,4.458,0.338,69.909,8.912,327.321,13.026,25.752,40.888,37.585,4.275,59.865
2004-11-01,2004,noviembre,613.721,12.853,15.915,5.053,0.31,74.411,8.41,311.35,17.977,27.969,39.889,36.27,4.903,58.411
2004-12-01,2004,diciembre,604.604,14.962,14.4,5.049,0.41,79.293,9.397,309.701,19.065,29.289,32.587,28.745,5.126,56.58
2005-01-01,2005,enero,585.5690000000001,15.775,11.751,4.563,0.343,81.663,11.367,300.941,18.303,29.865,27.384,27.097,5.243,51.274
2005-02-01,2005,febrero,567.55,16.336,9.191,4.296,0.374,80.74,12.025,288.828,16.511,28.87,28.219,27.89,5.433,48.837
2005-03-01,2005,marzo,571.781,19.15,7.463,4.332,0.363,84.255,14.548,278.957,13.535,28.681,34.379,32.239,6.627,47.252
2005-04-01,2005,abril,581.4580000000001,20.51,7.116,3.968,0.316,89.228,14.643,281.16,1.964,33.543,36.82,37.769,7.668,46.753
2005-05-01,2005,mayo,556.473,18.641,7.416,4.354,0.335,93.278,12.72,257.706,0.0,33.502,38.024,41.557,7.125,41.815
2005-06-01,2005,junio,513.555,14.436,7.432,5.359,0.388,95.79,7.242,228.396,5.676,31.674,36.612,38.137,6.215,36.198
2005-07-01,2005,julio,454.56,9.789,7.263,5.688,0.392,87.372,6.872,211.365,12.685,27.932,14.625,33.2,5.208,32.169
2005-08-01,2005,agosto,397.59900000000005,9.103,7.108,2.594,0.39,74.36,6.653,193.84,9.554,25.153,4.075,32.123,4.26,28.386
2005-09-01,2005,septiembre,346.34400000000005,7.162,7.05,1.892,0.385,62.094,6.569,179.841,12.865,23.675,4.325,11.646,3.696,25.144
2005-10-01,2005,octubre,329.245,5.548,7.432,2.386,0.328,62.537,8.059,160.926,13.127,22.608,4.371,12.547,3.729,25.647
2005-11-01,2005,noviembre,335.794,6.318,9.857,2.012,0.314,64.289,12.778,148.22,13.835,21.063,4.034,18.76,4.396,29.918
2005-12-01,2005,diciembre,344.63300000000004,5.769,11.061,2.706,0.272,67.76,14.506,148.444,12.242,20.656,5.767,18.519,4.982,31.949
2006-01-01,2006,enero,368.813,5.662,10.992,3.566,0.261,78.287,15.07,158.578,10.205,19.433,2.107,23.325,5.726,35.601
2006-02-01,2006,febrero,374.23800000000006,6.299,8.493,3.137,0.285,83.865,14.973,152.973,9.665,21.189,2.547,27.603,6.041,37.168
2006-03-01,2006,marzo,497.19300000000004,10.643,16.578,4.354,0.356,98.992,38.688,183.714,1.258,30.841,5.621,42.211,9.079,54.858
2006-04-01,2006,abril,550.23,11.793,19.862,4.23,0.361,105.921,42.139,214.081,1.345,30.098,9.416,39.914,8.908,62.162
2006-05-01,2006,mayo,543.722,11.899,15.624,3.531,0.296,104.784,31.201,221.207,0.203,30.253,24.38,30.274,7.99,62.08
2006-06-01,2006,junio,513.706,9.455,13.057,4.503,0.308,105.988,22.473,206.379,0.203,29.327,44.669,14.064,6.936,56.344
2006-07-01,2006,julio,473.19900000000007,8.959,12.839,3.066,0.255,106.122,16.085,183.522,0.203,26.54,48.423,12.329,5.945,48.911
2006-08-01,2006,agosto,434.543,7.199,12.528,2.745,0.259,104.253,10.532,174.157,10.17,23.204,39.487,2.404,5.057,42.548
2006-09-01,2006,septiembre,396.572,5.974,12.352,2.371,0.267,100.657,7.726,166.828,13.908,20.5,22.09,2.444,4.653,36.802
2006-10-01,2006,octubre,412.048,6.218,15.258,2.105,0.356,98.674,16.632,174.28,14.033,16.954,16.204,2.197,5.578,43.559
2006-11-01,2006,noviembre,596.841,12.877,34.662,5.973,0.517,115.507,44.904,227.671,16.915,24.048,25.043,2.63,8.956,77.138
2006-12-01,2006,diciembre,648.9490000000001,15.909,35.332,6.189,0.443,116.443,43.408,267.375,16.249,30.762,23.02,7.291,9.112,77.416
2007-01-01,2007,enero,650.194,16.574,32.22,5.902,0.459,115.722,37.195,285.846,13.484,25.118,18.832,13.671,8.587,76.584
2007-02-01,2007,febrero,706.428,18.592,32.256,6.128,0.387,118.55,47.411,310.221,12.164,27.451,21.935,22.918,9.319,79.096
2007-03-01,2007,marzo,738.569,19.806,32.328,5.886,0.387,119.357,43.319,334.448,9.596,31.077,26.897,24.011,9.319,82.138
2007-04-01,2007,abril,773.746,21.823,33.339,5.902,0.442,116.732,47.388,342.038,9.283,33.502,42.787,26.322,9.622,84.566
2007-05-01,2007,mayo,805.951,23.551,31.015,6.279,0.513,113.369,46.875,350.953,17.655,33.792,42.763,44.309,9.622,85.255
2007-06-01,2007,junio,796.4840000000002,23.224,27.193,6.072,0.443,110.982,37.314,370.492,0.912,34.292,46.368,44.996,9.335,84.861
2007-07-01,2007,julio,753.6800000000001,22.489,26.708,4.359,0.368,113.015,20.748,353.863,4.559,32.56,45.473,43.075,7.742,78.721
2007-08-01,2007,agosto,711.5360000000001,19.646,26.07,4.512,0.4,115.363,14.122,339.099,16.534,29.711,33.377,33.917,6.287,72.498
2007-09-01,2007,septiembre,664.7429999999999,16.327,25.661,5.805,0.415,108.018,12.644,323.127,15.245,26.938,28.645,27.932,5.109,68.877
2007-10-01,2007,octubre,633.6809999999999,15.837,25.693,4.826,0.356,107.135,11.42,310.308,14.681,24.666,23.087,22.103,4.168,69.401
2007-11-01,2007,noviembre,606.84,15.489,24.461,3.725,0.396,110.843,10.836,316.766,12.915,22.773,12.761,3.54,3.109,69.226
2007-12-01,2007,diciembre,589.827,15.259,21.733,2.842,0.445,113.865,10.135,302.562,13.402,21.032,12.605,5.511,2.428,68.008
2008-01-01,2008,enero,584.8550000000001,13.491,18.756,4.44,0.377,115.579,11.851,291.244,13.208,22.151,14.772,8.062,2.743,68.181
2008-02-01,2008,febrero,584.44,14.427,16.931,4.821,0.467,117.529,13.603,281.324,13.107,23.98,16.895,9.676,3.151,68.529
2008-03-01,2008,marzo,579.028,14.883,14.287,4.759,0.346,118.697,15.222,270.004,12.915,28.193,19.546,10.36,3.7,66.116
2008-04-01,2008,abril,668.1120000000001,18.156,21.623,5.762,0.464,116.949,39.636,271.124,13.188,29.634,37.47,28.999,6.105,79.002
2008-05-01,2008,mayo,740.755,21.255,26.998,6.251,0.458,119.063,49.333,287.583,16.973,31.395,45.372,43.954,7.75,84.37
2008-06-01,2008,junio,759.0530000000001,23.245,28.814,6.122,0.423,118.55,44.163,315.363,16.124,32.196,41.722,40.604,8.235,83.492
2008-07-01,2008,julio,727.328,21.791,28.279,5.714,0.356,120.315,30.342,313.876,15.877,30.762,38.586,36.987,7.397,77.046
2008-08-01,2008,agosto,688.9459999999999,20.137,27.65,4.869,0.373,119.946,16.051,310.742,16.615,27.858,35.029,33.342,6.144,70.19
2008-09-01,2008,septiembre,656.717,17.669,27.454,5.645,0.398,118.331,11.349,296.449,17.595,24.631,33.263,34.062,5.284,64.587
2008-10-01,2008,octubre,629.206,17.602,28.245,5.0,0.445,111.96,11.724,282.553,20.746,20.594,31.67,33.413,4.982,60.272
2008-11-01,2008,noviembre,602.4920000000001,16.62,27.356,5.344,0.367,102.279,13.543,262.319,20.512,19.045,34.34,35.438,5.057,60.272
2008-12-01,2008,diciembre,640.977,17.859,28.814,5.38,0.355,104.784,23.803,283.539,18.978,18.661,36.077,32.216,6.261,64.25
2009-01-01,2009,enero,709.2020000000001,19.646,30.631,5.354,0.464,100.786,41.751,312.742,17.171,30.998,37.917,34.996,8.043,68.703
2009-02-01,2009,febrero,769.0509999999999,23.013,35.744,6.291,0.456,96.162,45.312,327.322,21.684,33.585,47.175,45.327,9.285,77.695
2009-03-01,2009,marzo,799.3790000000001,23.541,34.847,6.302,0.429,95.419,46.319,356.222,20.863,33.709,44.919,44.013,9.402,83.394
2009-04-01,2009,abril,803.3080000000001,22.677,29.152,6.262,0.431,98.104,38.321,380.674,21.617,32.764,40.092,40.687,9.327,83.2
2009-05-01,2009,mayo,790.422,20.887,23.183,5.875,0.399,101.173,30.796,379.096,21.63,33.875,40.024,44.636,8.714,80.134
2009-06-01,2009,junio,755.866,18.767,20.541,5.635,0.397,102.999,21.855,374.777,20.163,32.357,34.772,44.131,7.332,72.14
2009-07-01,2009,julio,698.2490000000001,16.244,20.043,4.922,0.397,94.926,15.905,371.171,19.946,29.366,16.065,39.288,5.726,64.25
2009-08-01,2009,agosto,641.616,12.909,19.606,5.053,0.384,84.423,10.07,359.636,19.946,26.108,2.954,39.532,4.808,56.187
2009-09-01,2009,septiembre,584.9879999999998,12.297,19.277,3.725,0.38,74.411,7.547,332.453,19.477,23.238,2.178,36.627,4.102,49.276
2009-10-01,2009,octubre,538.448,10.037,19.177,4.2,0.393,64.38,7.416,310.221,17.183,20.687,1.955,34.671,3.405,44.723
2009-11-01,2009,noviembre,510.408,9.67,18.781,3.404,0.419,63.072,7.455,294.343,12.885,18.985,8.38,30.187,3.286,39.541
2009-12-01,2009,diciembre,516.803,9.598,16.211,2.812,0.406,66.681,16.164,280.18,13.036,24.048,20.636,20.719,4.031,42.281
2010-01-01,2010,enero,580.231,9.822,19.378,4.301,0.386,71.664,34.006,277.25,18.596,27.451,33.759,27.747,5.713,50.158
2010-02-01,2010,febrero,648.47,11.509,24.826,5.53,0.409,86.342,42.356,290.326,21.524,27.488,36.986,38.509,6.163,56.502
2010-03-01,2010,marzo,751.4970000000001,15.703,33.158,6.268,0.401,108.428,47.81,328.937,20.995,29.711,42.883,42.125,7.675,67.403
2010-04-01,2010,abril,801.3430000000001,17.488,34.292,6.229,0.419,114.791,46.851,357.831,20.759,31.157,44.569,43.134,8.066,75.757
2010-05-01,2010,mayo,815.796,18.195,31.297,4.907,0.361,111.4,46.921,380.082,20.707,30.88,43.755,44.368,7.441,75.482
2010-06-01,2010,junio,806.8779999999999,15.819,28.212,5.709,0.446,109.596,43.673,382.235,20.421,31.714,47.809,44.013,6.512,70.719
2010-07-01,2010,julio,761.5740000000001,15.092,27.617,3.885,0.377,100.013,30.117,380.378,21.484,30.176,42.644,42.844,5.445,61.502
2010-08-01,2010,agosto,706.622,11.311,26.966,4.412,0.332,91.414,17.502,369.522,21.126,27.157,37.175,41.134,4.255,54.316
2010-09-01,2010,septiembre,660.454,7.512,26.644,4.792,0.299,87.603,12.501,345.642,19.314,24.562,39.867,35.689,3.246,52.783
2010-10-01,2010,octubre,628.052,6.342,26.805,3.13,0.308,88.995,11.715,318.525,15.366,23.005,43.487,34.451,3.216,52.707
2010-11-01,2010,noviembre,622.71,6.128,27.323,2.395,0.407,99.757,15.771,291.745,17.477,27.858,41.049,35.513,3.51,53.777
2010-12-01,2010,diciembre,689.2769999999999,8.012,33.303,2.557,0.408,104.518,31.007,301.964,21.524,30.959,41.559,39.018,5.832,68.616
2011-01-01,2011,enero,752.4689999999999,11.013,35.519,3.351,0.353,105.251,43.275,324.462,21.152,31.554,43.22,42.411,8.289,82.619
2011-02-01,2011,febrero,779.2600000000001,12.628,36.234,3.605,0.436,106.797,46.666,327.322,21.966,33.461,48.477,46.887,8.235,86.546
2011-03-01,2011,marzo,837.82,19.776,38.066,6.382,0.515,110.495,48.141,361.828,22.727,35.99,49.62,46.825,9.503,87.952
2011-04-01,2011,abril,880.813,23.7,38.723,6.689,0.516,114.719,48.83,394.782,22.768,35.518,49.072,48.171,9.776,87.549
2011-05-01,2011,mayo,907.905,23.583,39.58,6.404,0.366,116.587,48.83,422.713,21.858,34.502,48.396,45.599,9.699,89.788
2011-06-01,2011,junio,885.18,21.647,38.22,6.302,0.373,110.703,42.291,416.785,21.818,35.305,47.835,47.167,8.579,88.155
2011-07-01,2011,julio,826.0530000000001,19.433,36.688,5.72,0.375,101.433,28.607,400.485,21.232,32.56,47.703,44.577,7.296,79.944
2011-08-01,2011,agosto,772.1549999999999,17.319,35.97,5.38,0.347,92.192,14.339,391.65,20.837,29.442,43.633,42.699,6.028,72.319
2011-09-01,2011,septiembre,719.4570000000001,15.321,35.369,4.476,0.306,86.001,9.13,368.651,20.785,26.503,41.816,39.451,5.19,66.458
2011-10-01,2011,octubre,674.034,13.36,33.814,4.006,0.292,81.662,8.066,343.422,21.034,23.98,40.773,36.067,4.814,62.744
2011-11-01,2011,noviembre,675.722,13.499,33.631,4.797,0.364,79.88,13.363,321.795,21.021,29.481,42.811,39.126,6.466,69.488
2011-12-01,2011,diciembre,654.0160000000001,13.693,29.903,4.07,0.362,77.03,15.816,308.144,21.218,30.176,40.272,37.324,6.695,69.313
2012-01-01,2012,enero,634.5110000000001,13.417,24.673,4.07,0.388,82.538,16.679,295.269,17.893,29.827,38.695,36.807,6.593,67.662
2012-02-01,2012,febrero,619.2979999999999,12.941,19.785,3.661,0.386,86.456,16.981,283.456,18.596,28.833,38.804,37.065,6.559,65.775
2012-03-01,2012,marzo,607.3309999999999,12.043,16.361,3.737,0.382,90.523,17.778,272.487,19.364,29.06,38.629,37.013,6.459,63.495
2012-04-01,2012,abril,643.5319999999999,11.801,16.535,4.002,0.39,95.728,29.381,268.967,18.805,34.796,45.17,43.425,7.817,66.715
2012-05-01,2012,mayo,667.479,12.066,16.426,4.13,0.433,97.349,30.796,285.516,21.311,32.927,46.111,43.63,8.603,68.181
2012-06-01,2012,junio,633.141,11.435,12.905,3.269,0.384,95.357,18.675,294.091,17.679,31.514,39.822,39.587,7.742,60.681
2012-07-01,2012,julio,595.458,9.996,12.415,2.47,0.374,93.156,13.896,276.116,17.3,28.871,40.137,40.438,6.512,53.777
2012-08-01,2012,agosto,546.066,7.392,11.932,3.003,0.334,79.346,11.697,254.607,16.672,25.54,40.499,41.134,5.29,48.62
2012-09-01,2012,septiembre,510.8140000000001,6.357,11.811,2.7,0.309,74.31,10.845,233.949,18.486,23.005,40.659,38.723,4.937,44.723
2012-10-01,2012,octubre,478.67300000000006,6.081,11.314,2.221,0.301,63.117,10.905,220.353,19.87,21.189,42.763,34.622,4.714,41.223
2012-11-01,2012,noviembre,488.937,7.915,12.528,3.302,0.357,61.696,14.506,217.38,19.377,27.084,39.111,34.231,5.403,46.047
2012-12-01,2012,diciembre,493.39700000000005,8.578,13.348,3.225,0.363,65.385,18.788,226.298,19.177,22.806,34.184,28.978,5.726,46.541
2013-01-01,2013,enero,575.4949999999999,11.049,16.557,3.905,0.406,72.853,35.663,235.423,19.831,35.561,41.141,38.456,7.99,56.66
2013-02-01,2013,febrero,657.7079999999999,14.224,24.34,4.902,0.344,81.554,45.768,277.9,20.551,30.176,42.572,40.66,9.537,65.18
2013-03-01,2013,marzo,835.674,23.34,37.528,6.399,0.523,103.035,49.357,359.35,23.992,33.792,50.9,48.552,9.836,89.07
2013-04-01,2013,abril,895.5329999999999,23.615,38.027,6.479,0.515,114.292,46.759,417.523,21.979,33.05,47.968,47.042,9.52,88.764
2013-05-01,2013,mayo,906.1960000000001,23.16,37.796,6.45,0.501,112.311,48.259,423.246,21.604,35.647,50.339,47.042,9.537,90.304
2013-06-01,2013,junio,880.584,21.667,35.407,5.566,0.377,106.932,46.896,418.05,20.916,33.958,48.774,45.508,8.883,87.65
2013-07-01,2013,julio,826.437,18.797,32.723,5.344,0.387,98.674,33.95,402.33,20.707,32.56,48.531,42.988,7.884,81.562
2013-08-01,2013,agosto,772.7929999999999,16.217,31.935,5.133,0.366,92.132,20.15,388.034,18.756,29.711,44.894,43.279,7.069,75.117
2013-09-01,2013,septiembre,724.6490000000001,14.659,31.403,4.931,0.344,87.258,14.07,364.509,15.598,26.975,45.296,42.901,6.426,70.279
2013-10-01,2013,octubre,696.6120000000001,13.838,31.935,4.878,0.38,83.643,15.385,340.475,19.831,25.469,45.246,39.86,6.359,69.313
2013-11-01,2013,noviembre,667.412,12.514,32.042,4.408,0.416,79.88,16.621,321.884,21.55,24.562,41.535,38.137,6.287,67.576
2013-12-01,2013,diciembre,652.947,11.259,31.863,4.354,0.392,76.304,14.77,313.352,21.205,25.188,41.91,38.032,6.137,68.181
2014-01-01,2014,enero,740.608,13.921,37.451,4.83,0.385,81.39,44.029,323.839,21.271,32.115,45.804,44.309,8.258,83.006
2014-02-01,2014,febrero,773.9140000000001,18.592,36.083,5.957,0.514,93.338,45.859,332.363,22.44,32.277,45.069,45.599,9.277,86.546
2014-03-01,2014,marzo,849.018,21.667,37.489,6.246,0.515,109.458,46.55,384.342,22.358,32.398,45.753,44.726,9.26,88.256
2014-04-01,2014,abril,878.2639999999999,23.562,36.234,6.279,0.508,115.579,46.365,406.763,22.209,32.035,46.008,43.895,9.244,89.583
2014-05-01,2014,mayo,854.636,22.061,32.006,5.789,0.369,109.596,40.748,406.659,22.128,30.919,45.321,42.555,8.835,87.65
2014-06-01,2014,junio,811.124,19.976,26.966,5.238,0.421,102.344,32.986,397.83,21.764,29.982,42.644,40.855,7.788,82.33
2014-07-01,2014,julio,759.7889999999999,17.253,22.181,5.019,0.433,94.988,24.865,384.044,21.431,27.895,41.442,37.637,7.027,75.574
2014-08-01,2014,agosto,708.7980000000001,14.41,21.623,4.726,0.411,87.43,16.644,367.396,20.305,24.839,40.047,36.499,5.939,68.529
2014-09-01,2014,septiembre,662.875,12.64,21.239,4.336,0.397,80.256,9.537,349.831,21.218,22.281,36.736,36.423,5.237,62.744
2014-10-01,2014,octubre,639.741,11.921,21.845,4.426,0.368,76.822,10.675,332.815,21.166,22.444,33.874,34.353,5.621,63.411
2014-11-01,2014,noviembre,681.8789999999999,15.64,29.526,5.203,0.362,78.076,25.292,315.538,21.885,30.527,41.512,37.194,6.825,74.299
2014-12-01,2014,diciembre,730.2850000000001,19.447,35.332,5.952,0.34,83.089,39.263,321.795,20.772,30.605,44.644,38.616,8.196,82.234
2015-01-01,2015,enero,756.065,20.744,33.814,5.545,0.52,82.978,47.481,320.644,22.59,33.958,47.201,45.357,8.787,86.446
2015-02-01,2015,febrero,780.925,23.319,34.922,6.195,0.517,95.481,46.112,326.963,22.29,31.794,50.423,47.636,8.827,86.446
2015-03-01,2015,marzo,841.9150000000002,22.687,37.451,6.117,0.517,101.238,48.046,382.654,22.358,31.874,45.6,45.508,9.202,88.663
2015-04-01,2015,abril,859.6809999999999,22.593,35.182,6.217,0.351,99.183,42.77,409.46,20.447,33.378,49.345,43.338,9.161,88.256
2015-05-01,2015,mayo,831.19,21.709,28.949,5.452,0.388,92.613,31.986,410.709,21.484,34.544,49.455,43.454,8.02,82.427
2015-06-01,2015,junio,783.784,19.229,22.378,5.757,0.447,85.718,22.786,404.903,21.034,33.75,46.627,40.107,7.111,73.937
2015-07-01,2015,julio,724.0540000000001,16.263,19.052,5.908,0.432,75.327,15.727,389.638,19.127,30.801,44.0,37.35,5.926,64.503
2015-08-01,2015,agosto,671.5089999999999,13.507,18.32,6.167,0.404,68.518,10.922,367.01,16.215,27.858,43.22,37.9,4.808,56.66
2015-09-01,2015,septiembre,623.3919999999999,13.077,17.869,5.093,0.385,62.983,8.382,343.883,16.192,24.805,42.406,34.207,4.173,49.937
2015-10-01,2015,octubre,585.64,12.869,17.916,4.462,0.395,58.245,7.719,320.29,16.374,22.872,39.688,34.622,3.859,46.329
2015-11-01,2015,noviembre,566.0550000000001,12.941,18.854,3.717,0.334,57.237,8.467,315.713,16.637,23.675,31.382,26.637,4.203,46.258
2015-12-01,2015,diciembre,549.554,11.274,19.052,4.31,0.334,61.432,7.134,317.645,14.107,20.843,23.9,22.813,4.296,42.414
2016-01-01,2016,enero,574.7579999999999,12.112,21.212,4.121,0.368,71.713,15.793,301.026,15.709,27.635,27.527,27.057,5.554,44.931
2016-02-01,2016,febrero,667.082,13.838,28.512,4.257,0.314,71.96,34.288,315.275,22.576,27.672,43.56,41.698,8.196,54.936
2016-03-01,2016,marzo,729.7399999999999,17.187,34.959,4.97,0.482,71.369,41.665,352.641,19.402,31.914,41.049,43.134,9.136,61.832
2016-04-01,2016,abril,836.3870000000001,21.698,36.575,6.456,0.39,85.774,47.74,401.099,22.522,33.091,48.209,42.901,9.419,80.513
2016-05-01,2016,mayo,887.8050000000001,23.657,38.336,6.683,0.357,96.598,49.045,423.885,22.101,33.709,48.343,46.578,9.647,88.866
2016-06-01,2016,junio,849.658,23.076,35.332,5.811,0.314,88.065,40.896,414.158,20.525,33.958,47.307,48.203,8.619,83.394
2016-07-01,2016,julio,794.11,21.224,34.182,4.97,0.363,78.762,30.778,396.711,20.968,30.919,49.373,42.699,7.587,75.574
2016-08-01,2016,agosto,737.4299999999998,18.904,33.339,4.67,0.357,69.86,20.829,376.736,21.736,27.598,47.254,41.078,6.627,68.442
2016-09-01,2016,septiembre,682.787,15.846,32.615,5.624,0.343,61.432,13.724,355.844,21.537,24.597,42.287,40.244,4.948,63.746
2016-10-01,2016,octubre,645.416,15.33,32.507,4.221,0.383,56.201,11.017,331.64,22.128,22.641,44.371,39.587,4.791,60.599
2016-11-01,2016,noviembre,638.8420000000001,15.189,33.085,4.75,0.363,54.49,13.673,320.379,21.444,24.082,43.293,38.085,5.59,64.419
2016-12-01,2016,diciembre,665.9850000000001,18.826,34.959,6.001,0.326,59.095,17.875,323.483,21.67,26.938,42.098,33.772,6.915,74.027
2017-01-01,2017,enero,646.1030000000001,19.368,30.91,5.38,0.351,58.499,17.216,315.888,20.228,27.635,37.322,33.485,6.426,73.395
2017-02-01,2017,febrero,758.6149999999999,23.255,34.218,6.006,0.336,79.133,41.729,341.486,21.657,29.213,45.347,44.131,7.832,84.272
2017-03-01,2017,marzo,775.705,21.492,33.887,5.973,0.319,84.984,42.967,358.211,20.876,28.833,43.1,41.218,7.698,86.147
2017-04-01,2017,abril,758.558,21.009,31.863,5.293,0.314,82.813,35.297,357.737,21.021,30.098,42.572,40.134,6.915,83.492
2017-05-01,2017,mayo,732.2440000000001,19.487,28.949,4.773,0.355,86.456,24.502,347.035,20.241,29.788,43.244,42.239,6.267,78.908
2017-06-01,2017,junio,695.4419999999998,16.907,25.724,4.614,0.413,95.172,14.792,333.268,20.681,27.562,40.613,38.589,5.59,71.517
2017-07-01,2017,julio,660.5480000000001,14.849,25.102,4.01,0.328,98.801,13.373,316.766,20.525,25.048,40.34,32.869,4.875,63.662
2017-08-01,2017,agosto,620.025,12.074,24.37,3.88,0.338,96.225,11.358,296.702,18.468,22.281,41.769,31.619,4.281,56.66
2017-09-01,2017,septiembre,575.132,10.227,23.712,3.476,0.331,89.228,9.482,282.389,20.499,19.493,31.328,31.098,3.859,50.01
2017-10-01,2017,octubre,533.979,8.59,23.359,3.34,0.325,78.762,7.733,272.889,13.391,16.844,28.447,32.309,3.748,44.242
2017-11-01,2017,noviembre,500.53399999999993,7.026,23.067,3.17,0.327,68.709,6.546,264.208,15.698,14.256,23.169,30.54,3.635,40.183
2017-12-01,2017,diciembre,479.653,5.773,22.98,3.152,0.425,58.287,7.949,251.145,13.752,16.598,24.897,32.494,3.796,38.405
2018-01-01,2018,enero,479.798,5.548,23.446,2.999,0.369,47.091,15.561,246.041,19.177,20.781,25.978,29.664,4.988,38.155
2018-02-01,2018,febrero,478.47999999999996,6.518,20.225,2.822,0.368,44.133,23.074,238.833,18.645,21.38,32.532,27.911,5.901,36.138
2018-03-01,2018,marzo,692.99,15.631,36.385,6.128,0.515,68.376,46.504,304.444,22.645,29.866,41.257,44.25,9.327,67.662
2018-04-01,2018,abril,819.029,19.467,36.234,6.089,0.516,92.192,47.154,378.702,22.686,32.601,45.676,45.146,9.269,83.297
2018-05-01,2018,mayo,856.0190000000001,20.379,37.031,6.15,0.391,103.394,46.295,412.17,21.55,30.488,43.317,37.953,9.352,87.549
2018-06-01,2018,junio,862.711,21.461,38.027,6.012,0.34,103.525,44.364,417.207,21.55,29.404,46.472,38.456,8.746,87.147
2018-07-01,2018,julio,820.5970000000001,19.526,37.145,4.898,0.387,103.394,30.972,411.022,21.258,27.048,42.907,35.239,7.705,79.096
2018-08-01,2018,agosto,774.581,16.126,36.234,4.99,0.366,103.459,22.872,387.134,21.59,23.98,43.196,36.244,6.784,71.606
2018-09-01,2018,septiembre,732.3910000000001,13.623,35.669,4.721,0.357,103.262,17.826,361.351,21.55,21.158,43.317,37.428,6.099,66.03
2018-10-01,2018,octubre,699.781,11.748,35.519,4.471,0.352,105.117,16.783,337.544,21.564,19.313,41.372,38.429,5.572,61.997
2018-11-01,2018,noviembre,719.0659999999999,12.869,35.706,4.656,0.335,106.257,26.099,326.337,21.737,26.938,44.074,38.589,6.853,68.616
2018-12-01,2018,diciembre,712.8489999999999,13.672,33.376,4.078,0.317,102.802,33.782,321.352,21.858,26.757,41.489,38.164,6.586,68.616
2019-01-01,2019,enero,701.5690000000001,13.222,30.7,4.057,0.371,98.357,35.47,320.998,21.258,26.395,40.047,37.533,5.844,67.317
2019-02-01,2019,febrero,720.2960000000002,13.109,30.526,4.1,0.342,98.674,40.473,324.373,21.008,25.293,44.123,42.296,5.964,70.015
2019-03-01,2019,marzo,710.654,12.166,26.934,3.589,0.305,97.663,31.325,330.827,19.015,28.305,41.98,41.585,5.621,71.339
2019-04-01,2019,abril,720.5439999999999,10.77,24.37,4.204,0.353,94.558,29.962,345.179,20.202,28.908,42.572,41.05,5.56,72.856
2019-05-01,2019,mayo,699.8659999999999,9.716,19.52,4.04,0.304,88.065,23.832,344.346,21.391,28.418,45.145,42.728,5.56,66.801
2019-06-01,2019,junio,645.9470000000001,8.458,17.383,2.961,0.322,79.293,17.658,324.729,19.177,26.612,45.094,42.039,5.086,57.135
2019-07-01,2019,julio,587.4140000000002,6.607,16.71,2.47,0.289,72.158,15.55,295.016,17.394,23.439,46.06,39.234,4.157,48.33
2019-08-01,2019,agosto,536.587,5.182,16.126,1.912,0.255,66.775,13.324,269.605,16.753,20.408,43.56,38.696,3.29,40.701
2019-09-01,2019,septiembre,497.5959999999999,4.124,15.852,1.611,0.238,63.972,12.007,246.344,17.136,17.512,42.907,38.91,2.727,34.256
2019-10-01,2019,octubre,463.69800000000004,3.193,15.583,1.38,0.224,63.701,11.235,225.865,15.866,15.14,41.233,37.874,2.486,29.918
2019-11-01,2019,noviembre,495.23799999999994,3.592,15.873,1.463,0.336,61.257,22.715,228.687,20.916,25.717,41.005,35.814,4.066,33.797
2019-12-01,2019,diciembre,624.675,7.628,20.995,2.632,0.338,63.521,46.02,286.424,22.768,31.434,45.069,39.045,7.602,51.199
2020-01-01,2020,enero,647.0139999999999,9.154,22.951,2.842,0.373,64.38,39.574,316.941,21.537,29.213,41.489,36.833,7.72,54.007
2020-02-01,2020,febrero,675.684,10.406,30.318,3.188,0.276,63.252,40.748,326.963,22.851,28.908,44.222,38.723,8.297,57.532
2020-03-01,2020,marzo,702.397,11.34,32.185,3.542,0.318,62.359,45.403,338.733,22.892,29.519,42.027,43.425,8.492,62.162
2020-04-01,2020,abril,800.488,16.226,37.528,6.427,0.453,76.097,47.999,385.238,22.81,30.488,45.246,43.396,9.202,79.378
2020-05-01,2020,mayo,810.2710000000002,17.441,37.451,6.234,0.326,77.186,44.882,398.646,22.236,28.493,43.976,43.513,8.803,81.084
2020-06-01,2020,junio,775.0369999999999,16.954,35.444,5.128,0.326,74.057,38.159,393.77,16.868,28.268,38.826,42.988,7.757,76.492
2020-07-01,2020,julio,722.0400000000001,15.48,32.292,4.074,0.335,69.283,27.341,378.209,16.329,25.575,37.154,40.189,6.028,69.751
2020-08-01,2020,agosto,673.061,13.788,30.179,3.174,0.316,66.031,17.075,362.019,15.665,22.51,36.986,36.627,4.188,64.503
2020-09-01,2020,septiembre,641.109,12.02,29.051,3.127,0.324,69.86,15.167,341.118,15.487,20.5,37.091,32.541,3.156,61.667
2020-10-01,2020,octubre,646.1990000000001,11.369,29.561,3.389,0.336,79.987,19.167,321.973,17.371,24.666,37.513,31.71,4.147,65.01
2020-11-01,2020,noviembre,677.7150000000001,15.596,32.256,4.354,0.307,83.256,26.556,322.594,20.421,22.477,36.488,35.89,5.469,72.051
2020-12-01,2020,diciembre,752.954,19.546,33.851,5.248,0.321,96.598,45.859,328.937,21.617,28.493,44.619,38.857,8.305,80.703
2021-01-01,2021,enero,786.639,23.477,34.108,5.805,0.384,102.213,48.117,332.906,23.6,29.557,49.209,43.689,8.811,84.763
2021-02-01,2021,febrero,792.2310000000001,23.414,34.477,6.134,0.351,117.166,45.471,331.279,22.006,28.946,44.222,47.479,8.859,82.427
2021-03-01,2021,marzo,802.4939999999999,23.731,37.489,6.63,0.291,111.96,47.74,343.976,19.54,26.288,46.188,46.455,9.103,83.103
